Bridge Age,Pier Shape,Max Span Length (ft),Girder Type,Roadway Width (ft),Total Length (ft),Pier size/dia (in),Foundation Type
29,Cirular,31.25,Pan,31.5,125.0,24,Deep
40,Cirular,89.0,PCI,43.0,596.0,30,Deep
23,Cirular,40.0,,24.0,42.0,24,Deep
86,Cirular,18.0,,20.2,72.0,24,Shallow
43,Cirular,85.0,PCI,58.0,170.0,30,Deep
85,Square,30.0,T-beam,21.8,90.0,18,Shallow
73,Square,27.0,,43.8,79.0,24,Shallow
44,Cirular,85.0,PCBox,78.2,135.0,30,Deep
26,Cirular,46.0,PCI,30.0,139.0,30,Deep
38,Cirular,74.0,PCI,48.3,665.0,36,Deep
59,Cirular,78.5,Steel I,25.7,286.0,30,Deep
73,Cirular,85.0,Steel I,47.9,508.0,36,Deep
64,Cirular,153.5,Steel I,35.8,335.0,42,Deep
89,Square,60.0,T-beam,54.0,181.0,36,Shallow
86,Square,30.0,T-beam,22.0,90.0,27,Shallow
66,Cirular,75.0,Steel I,35.8,243.0,36,Deep
24,Wall,40.8,,35.3,40.8,,Shallow
43,Cirular,60.0,PCI,39.8,170.0,30,Deep
65,Wall,34.5,,45.7,92.0,,Shallow
61,Cirular,66.5,Steel I ,29.8,172.0,30,Deep
32,Cirular,60.0,PCI,28.4,120.0,30,Deep
27,Cirular,30.0,Pan,28.7,60.0,24,Deep
24,Cirular,100.0,PCB,28.3,100.0,30,Deep
14,Cirular,78.3,PCI,23.7,160.0,36,Deep
27,Cirular,40.0,Pan,27.9,101.0,24,Deep
8,Cirular,110.0,PCI,44.0,110.0,36,Deep
8,Cirular,110.0,PCI,46.0,110.0,36,Deep
8,Cirular,124.5,PCI,58.0,249.0,36,Deep
8,Cirular,116.0,PCI,26.0,210.0,36,Deep
8,Cirular,125.0,PCI,48.0,1950.0,36,Deep
8,Cirular,125.0,PCI,56.0,1950.0,36,Deep
26,Cirular,96.0,PCI,32.0,190.0,36,Deep
39,Cirular,57.0,PCI,44.7,57.0,30,Deep
39,Cirular,40.0,Pan,23.5,240.0,24,Deep
19,Cirular,20.0,,43.5,180.0,30,Deep
32,Cirular,41.0,Pan,29.8,82.0,24,Deep
63,Cirular,40.0,Pan,44.5,200.0,30,Deep
38,Cirular,70.0,PCI,33.6,185.0,36,Deep
38,Cirular,70.0,PCI,33.6,185.0,36,Deep
39,Cirular,80.0,PCI,48.0,240.0,30,Deep
57,Cirular,40.0,Pan,32.0,40.0,,Deep
50,Cirular,30.3,Pan,32.0,60.7,24,Deep
57,Cirular,40.0,Pan,32.0,40.0,30,Deep
65,Square,20.0,,30.0,60.0,24,Shallow
65,Square,25.0,PCB,35.3,50.0,18,Shallow
76,Square,25.0,,40.0,50.0,18,Shallow
23,Cirular,120.0,PCI,36.4,120.0,,Deep
63,Cirular,25.0,,30.0,120.0,24,Deep
63,Cirular,30.0,,40.0,112.0,24,Deep
55,Cirular,50.0,Steel I,29.5,133.0,24,Deep
12,Cirular,65.0,PCI,28.8,200.0,36,Deep
85,Square,35.0,T-beam,21.7,105.0,27,Shallow
99,Wall,21.0,Steel I,19.6,42.0,,Shallow
86,Square,35.0,T-beam,22.0,70.0,24,Shallow
25,Cirular,64.0,PCI,40.0,183.0,36,Deep
64,Cirular,162.1,PCI,36.1,891.1,3,Deep
62,Cirular,50.0,STEEL,38.1,150.0,2.5,Deep
62,Cirular,50.0,STEEL,38.1,230.0,2.5,Deep
60,Cirular,106.0,STEEL,40.0,1274.9,3,Deep
59,Cirular,95.0,STEEL,56.1,226.0,2.5,Deep
57,Cirular,66.0,Type C,40.0,142.1,2.5,Deep
57,Cirular,66.0,Type C,40.0,142.1,2.5,Deep
55,Cirular,80.0,Type B,40.0,180.1,2.5,Deep
19,Cirular,114.5,Type IV,68.9,234.9,3,Deep
19,Cirular,114.5,Type IV,68.9,234.9,3,Deep
24,Cirular,124.0,Type IV,56.1,124.0,3,Deep
24,Cirular,124.0,Type IV,56.1,124.0,3,Deep
24,Cirular,124.0,Type IV,57.1,124.0,3,Deep
24,Cirular,124.0,Type IV,57.1,124.0,3,Deep
24,Cirular,108.0,Type IV,56.1,302.2,3,Deep
24,Cirular,108.0,Type IV,69.9,302.2,3,Deep
